{"cameraMode":{"drawMode":0,"name":"Shaded","section":"Shading Mode"},"sceneLighting":false,"audioPlay":false,"sceneViewState":{"showFog":true,"showMaterialUpdate":false,"showSkybox":true,"showFlares":true,"showImageEffects":true,"showParticleSystems":true},"in2DMode":false,"pivot":{"x":6.230738639831543,"y":14.119928359985352,"z":-0.7547555565834045},"rotation":{"x":0.10384880751371384,"y":-0.6976146101951599,"z":0.1032986268401146,"w":0.7013837695121765},"size":15.995878219604493,"orthographic":false}