{"cameraMode":{"drawMode":0,"name":"Shaded","section":"Shading Mode"},"sceneLighting":false,"audioPlay":false,"sceneViewState":{"showFog":true,"showMaterialUpdate":false,"showSkybox":true,"showFlares":true,"showImageEffects":true,"showParticleSystems":true},"in2DMode":false,"pivot":{"x":25.41216278076172,"y":-1.2600574493408204,"z":0.05256855487823486},"rotation":{"x":-0.14925727248191834,"y":-0.6921619772911072,"z":0.149699866771698,"w":-0.6901014447212219},"size":52.559104919433597,"orthographic":false}