{"cameraMode":{"drawMode":0,"name":"Shaded","section":"Shading Mode"},"sceneLighting":false,"audioPlay":false,"sceneViewState":{"showFog":true,"showMaterialUpdate":false,"showSkybox":true,"showFlares":true,"showImageEffects":true,"showParticleSystems":true},"in2DMode":false,"pivot":{"x":21.768938064575197,"y":0.727752685546875,"z":-52.516204833984378},"rotation":{"x":-0.11595790833234787,"y":-0.7046103477478027,"z":0.11841145902872086,"w":-0.6899792551994324},"size":54.95905685424805,"orthographic":false}