{"cameraMode":{"drawMode":0,"name":"Shaded","section":"Shading Mode"},"sceneLighting":false,"audioPlay":false,"sceneViewState":{"showFog":true,"showMaterialUpdate":false,"showSkybox":true,"showFlares":true,"showImageEffects":true,"showParticleSystems":true},"in2DMode":false,"pivot":{"x":0.5151901245117188,"y":4.3546552658081059,"z":21.897321701049806},"rotation":{"x":-0.06286048144102097,"y":0.6741342544555664,"z":-0.05780739709734917,"w":-0.7337060570716858},"size":13.927602767944336,"orthographic":false}