{"cameraMode":{"drawMode":0,"name":"Shaded","section":"Shading Mode"},"sceneLighting":false,"audioPlay":false,"sceneViewState":{"showFog":true,"showMaterialUpdate":false,"showSkybox":true,"showFlares":true,"showImageEffects":true,"showParticleSystems":true},"in2DMode":false,"pivot":{"x":0.14240360260009767,"y":5.1167449951171879,"z":33.558837890625},"rotation":{"x":-0.06286048144102097,"y":0.6741342544555664,"z":-0.05780739709734917,"w":-0.7337060570716858},"size":13.927602767944336,"orthographic":false}