{"cameraMode":{"drawMode":0,"name":"Shaded","section":"Shading Mode"},"sceneLighting":false,"audioPlay":false,"sceneViewState":{"showFog":true,"showMaterialUpdate":false,"showSkybox":true,"showFlares":true,"showImageEffects":true,"showParticleSystems":true},"in2DMode":false,"pivot":{"x":-1.1920928955078126e-7,"y":-0.06461860239505768,"z":0.900001049041748},"rotation":{"x":-0.1309923380613327,"y":0.603969931602478,"z":-0.10154345631599426,"w":-0.7796481847763062},"size":5.200905799865723,"orthographic":false}