{"cameraMode":{"drawMode":0,"name":"Shaded","section":"Shading Mode"},"sceneLighting":false,"audioPlay":false,"sceneViewState":{"showFog":true,"showMaterialUpdate":false,"showSkybox":true,"showFlares":true,"showImageEffects":true,"showParticleSystems":true},"in2DMode":false,"pivot":{"x":-4.820390224456787,"y":18.262779235839845,"z":16.30890655517578},"rotation":{"x":0.10447637736797333,"y":-0.2447213977575302,"z":0.026535458862781526,"w":0.9636126160621643},"size":25.659984588623048,"orthographic":false}