{"cameraMode":{"drawMode":0,"name":"Shaded","section":"Shading Mode"},"sceneLighting":false,"audioPlay":false,"sceneViewState":{"showFog":true,"showMaterialUpdate":false,"showSkybox":true,"showFlares":true,"showImageEffects":true,"showParticleSystems":true},"in2DMode":false,"pivot":{"x":-8.618773460388184,"y":1.9163799285888672,"z":3.9017128944396974},"rotation":{"x":0.250145822763443,"y":-0.6150479912757874,"z":0.21480637788772584,"w":0.7162654399871826},"size":28.649723052978517,"orthographic":false}