{"cameraMode":{"drawMode":0,"name":"Shaded","section":"Shading Mode"},"sceneLighting":false,"audioPlay":false,"sceneViewState":{"showFog":true,"showMaterialUpdate":false,"showSkybox":true,"showFlares":true,"showImageEffects":true,"showParticleSystems":true},"in2DMode":false,"pivot":{"x":0.2996390461921692,"y":6.726991176605225,"z":-9.809549331665039},"rotation":{"x":0.16117386519908906,"y":-0.03818706050515175,"z":0.006244566757231951,"w":0.9861820340156555},"size":10.254141807556153,"orthographic":false}