{"cameraMode":{"drawMode":0,"name":"Shaded","section":"Shading Mode"},"sceneLighting":false,"audioPlay":false,"sceneViewState":{"showFog":true,"showMaterialUpdate":false,"showSkybox":true,"showFlares":true,"showImageEffects":true,"showParticleSystems":true},"in2DMode":false,"pivot":{"x":0.7397365570068359,"y":4.490547180175781,"z":50.63558578491211},"rotation":{"x":-0.0643053948879242,"y":0.695565402507782,"z":-0.06279987841844559,"w":-0.7128753662109375},"size":12.183344841003418,"orthographic":false}