{"cameraMode":{"drawMode":0,"name":"Shaded","section":"Shading Mode"},"sceneLighting":false,"audioPlay":false,"sceneViewState":{"showFog":true,"showMaterialUpdate":false,"showSkybox":true,"showFlares":true,"showImageEffects":true,"showParticleSystems":true},"in2DMode":false,"pivot":{"x":-5.016375541687012,"y":9.009761810302735,"z":0.47668635845184328},"rotation":{"x":-0.13709597289562226,"y":0.5317174196243286,"z":-0.08776407688856125,"w":-0.8311917185783386},"size":4.041658401489258,"orthographic":false}