{"cameraMode":{"drawMode":0,"name":"Shaded","section":"Shading Mode"},"sceneLighting":false,"audioPlay":false,"sceneViewState":{"showFog":true,"showMaterialUpdate":false,"showSkybox":true,"showFlares":true,"showImageEffects":true,"showParticleSystems":true},"in2DMode":false,"pivot":{"x":-0.6316142082214356,"y":0.55975341796875,"z":-2.4282820224761965},"rotation":{"x":-0.1069929301738739,"y":0.6755978465080261,"z":-0.10003288835287094,"w":-0.7225844860076904},"size":5.340501308441162,"orthographic":false}