{"cameraMode":{"drawMode":0,"name":"Shaded","section":"Shading Mode"},"sceneLighting":false,"audioPlay":false,"sceneViewState":{"showFog":true,"showMaterialUpdate":false,"showSkybox":true,"showFlares":true,"showImageEffects":true,"showParticleSystems":true},"in2DMode":false,"pivot":{"x":21.37674331665039,"y":-7.41474723815918,"z":12.31991195678711},"rotation":{"x":-0.2177228182554245,"y":-0.42411819100379946,"z":0.10581237077713013,"w":-0.8726624846458435},"size":52.559104919433597,"orthographic":false}