{"cameraMode":{"drawMode":0,"name":"Shaded","section":"Shading Mode"},"sceneLighting":false,"audioPlay":false,"sceneViewState":{"showFog":true,"showMaterialUpdate":false,"showSkybox":true,"showFlares":true,"showImageEffects":true,"showParticleSystems":true},"in2DMode":false,"pivot":{"x":-5.960464477539063e-8,"y":0.9485914707183838,"z":-0.012163698673248291},"rotation":{"x":-0.2723308801651001,"y":0.30144208669662478,"z":-0.09034481644630432,"w":-0.9093445539474487},"size":4.115476131439209,"orthographic":false}