{"cameraMode":{"drawMode":0,"name":"Shaded","section":"Shading Mode"},"sceneLighting":false,"audioPlay":false,"sceneViewState":{"showFog":true,"showMaterialUpdate":false,"showSkybox":true,"showFlares":true,"showImageEffects":true,"showParticleSystems":true},"in2DMode":false,"pivot":{"x":-0.4942454695701599,"y":7.275893688201904,"z":-1.9737873077392579},"rotation":{"x":-3.3403534871467857e-7,"y":-0.0042034597136080269,"z":-5.262546665107948e-7,"w":0.9999985098838806},"size":9.604743957519532,"orthographic":false}