{"cameraMode":{"drawMode":0,"name":"Shaded","section":"Shading Mode"},"sceneLighting":false,"audioPlay":false,"sceneViewState":{"showFog":true,"showMaterialUpdate":false,"showSkybox":true,"showFlares":true,"showImageEffects":true,"showParticleSystems":true},"in2DMode":false,"pivot":{"x":18.793914794921876,"y":13.397172927856446,"z":76.5091323852539},"rotation":{"x":0.16690754890441895,"y":-0.258003830909729,"z":0.04519373178482056,"w":0.9505528807640076},"size":19.311281204223634,"orthographic":false}