{"cameraMode":{"drawMode":0,"name":"Shaded","section":"Shading Mode"},"sceneLighting":false,"audioPlay":false,"sceneViewState":{"showFog":true,"showMaterialUpdate":false,"showSkybox":true,"showFlares":true,"showImageEffects":true,"showParticleSystems":true},"in2DMode":false,"pivot":{"x":0.36743736267089846,"y":8.818535804748536,"z":-4.628059387207031},"rotation":{"x":0.05187283083796501,"y":-0.264448881149292,"z":0.014136452227830887,"w":0.9629092216491699},"size":28.385526657104493,"orthographic":false}