{"cameraMode":{"drawMode":0,"name":"Shaded","section":"Shading Mode"},"sceneLighting":false,"audioPlay":false,"sceneViewState":{"showFog":true,"showMaterialUpdate":false,"showSkybox":true,"showFlares":true,"showImageEffects":true,"showParticleSystems":true},"in2DMode":false,"pivot":{"x":4.646057605743408,"y":-2.6999998092651369,"z":20.0},"rotation":{"x":0.2107735127210617,"y":-0.6696298122406006,"z":0.20714153349399568,"w":0.6813769340515137},"size":19.019723892211915,"orthographic":false}