{"cameraMode":{"drawMode":0,"name":"Shaded","section":"Shading Mode"},"sceneLighting":false,"audioPlay":false,"sceneViewState":{"showFog":true,"showMaterialUpdate":false,"showSkybox":true,"showFlares":true,"showImageEffects":true,"showParticleSystems":true},"in2DMode":false,"pivot":{"x":-2.450613021850586,"y":3.994892120361328,"z":-5.572274684906006},"rotation":{"x":0.07230103015899658,"y":-0.7004796862602234,"z":0.0716981366276741,"w":0.7063814997673035},"size":21.211870193481447,"orthographic":false}