{"cameraMode":{"drawMode":0,"name":"Shaded","section":"Shading Mode"},"sceneLighting":false,"audioPlay":false,"sceneViewState":{"showFog":true,"showMaterialUpdate":false,"showSkybox":true,"showFlares":true,"showImageEffects":true,"showParticleSystems":true},"in2DMode":false,"pivot":{"x":0.8723201751708984,"y":3.8402411937713625,"z":57.4637336730957},"rotation":{"x":-0.0643053948879242,"y":0.695565402507782,"z":-0.06279987841844559,"w":-0.7128753662109375},"size":17.68073081970215,"orthographic":false}