{"cameraMode":{"drawMode":0,"name":"Shaded","section":"Shading Mode"},"sceneLighting":false,"audioPlay":false,"sceneViewState":{"showFog":true,"showMaterialUpdate":false,"showSkybox":true,"showFlares":true,"showImageEffects":true,"showParticleSystems":true},"in2DMode":false,"pivot":{"x":0.7558135986328125,"y":9.56456184387207,"z":-2.9819674491882326},"rotation":{"x":-0.0856010839343071,"y":0.7466259002685547,"z":-0.09801998734474182,"w":-0.6524538397789002},"size":35.000301361083987,"orthographic":false}