{"cameraMode":{"drawMode":0,"name":"Shaded","section":"Shading Mode"},"sceneLighting":false,"audioPlay":false,"sceneViewState":{"showFog":true,"showMaterialUpdate":false,"showSkybox":true,"showFlares":true,"showImageEffects":true,"showParticleSystems":true},"in2DMode":false,"pivot":{"x":-5.960464477539063e-8,"y":0.9485914707183838,"z":-0.012163698673248291},"rotation":{"x":-0.1309923380613327,"y":0.603969931602478,"z":-0.10154345631599426,"w":-0.7796481847763062},"size":4.115476131439209,"orthographic":false}