{"cameraMode":{"drawMode":0,"name":"Shaded","section":"Shading Mode"},"sceneLighting":false,"audioPlay":false,"sceneViewState":{"showFog":true,"showMaterialUpdate":false,"showSkybox":true,"showFlares":true,"showImageEffects":true,"showParticleSystems":true},"in2DMode":false,"pivot":{"x":6.803133010864258,"y":-14.586817741394043,"z":-63.90956115722656},"rotation":{"x":-0.1807974874973297,"y":-0.808729887008667,"z":0.316937118768692,"w":-0.46133920550346377},"size":55.51891326904297,"orthographic":false}