{"cameraMode":{"drawMode":0,"name":"Shaded","section":"Shading Mode"},"sceneLighting":false,"audioPlay":false,"sceneViewState":{"showFog":true,"showMaterialUpdate":false,"showSkybox":true,"showFlares":true,"showImageEffects":true,"showParticleSystems":true},"in2DMode":false,"pivot":{"x":1.8072748184204102,"y":0.8088340759277344,"z":308.37493896484377},"rotation":{"x":0.6072553992271423,"y":0.2718593180179596,"z":-0.23273348808288575,"w":0.7093658447265625},"size":45.485626220703128,"orthographic":false}