{"cameraMode":{"drawMode":0,"name":"Shaded","section":"Shading Mode"},"sceneLighting":false,"audioPlay":false,"sceneViewState":{"showFog":true,"showMaterialUpdate":false,"showSkybox":true,"showFlares":true,"showImageEffects":true,"showParticleSystems":true},"in2DMode":false,"pivot":{"x":0.49593162536621096,"y":8.344217300415039,"z":0.23480141162872315},"rotation":{"x":-0.1309923380613327,"y":0.603969931602478,"z":-0.10154345631599426,"w":-0.7796481847763062},"size":2.991060733795166,"orthographic":false}